id,kode_provinsi,nama_provinsi,perangkat_daerah,jenis_kelamin,jumlah_pns,satuan,tahun
1,32,JAWA BARAT,BADAN KEPEGAWAIAN DAERAH,LAKI-LAKI,86,ORANG,2015
2,32,JAWA BARAT,BADAN KEPEGAWAIAN DAERAH,PEREMPUAN,54,ORANG,2015
3,32,JAWA BARAT,"BADAN KESATUAN BANGSA, POLITIK DAN PERLINDUNGAN MASYARAKAT DAERAH",LAKI-LAKI,58,ORANG,2015
4,32,JAWA BARAT,"BADAN KESATUAN BANGSA, POLITIK DAN PERLINDUNGAN MASYARAKAT DAERAH",PEREMPUAN,20,ORANG,2015
5,32,JAWA BARAT,BADAN KETAHANAN PANGAN DAERAH,LAKI-LAKI,39,ORANG,2015
6,32,JAWA BARAT,BADAN KETAHANAN PANGAN DAERAH,PEREMPUAN,31,ORANG,2015
7,32,JAWA BARAT,BADAN KOORDINASI PEMERINTAH DAN PEMBANGUNAN WILAYAH I,LAKI-LAKI,45,ORANG,2015
8,32,JAWA BARAT,BADAN KOORDINASI PEMERINTAH DAN PEMBANGUNAN WILAYAH I,PEREMPUAN,19,ORANG,2015
9,32,JAWA BARAT,BADAN KOORDINASI PEMERINTAH DAN PEMBANGUNAN WILAYAH II,LAKI-LAKI,43,ORANG,2015
10,32,JAWA BARAT,BADAN KOORDINASI PEMERINTAH DAN PEMBANGUNAN WILAYAH II,PEREMPUAN,13,ORANG,2015
11,32,JAWA BARAT,BADAN KOORDINASI PEMERINTAH DAN PEMBANGUNAN WILAYAH III,LAKI-LAKI,38,ORANG,2015
12,32,JAWA BARAT,BADAN KOORDINASI PEMERINTAH DAN PEMBANGUNAN WILAYAH III,PEREMPUAN,18,ORANG,2015
13,32,JAWA BARAT,BADAN KOORDINASI PEMERINTAH DAN PEMBANGUNAN WILAYAH IV,LAKI-LAKI,56,ORANG,2015
14,32,JAWA BARAT,BADAN KOORDINASI PEMERINTAH DAN PEMBANGUNAN WILAYAH IV,PEREMPUAN,14,ORANG,2015
15,32,JAWA BARAT,BADAN KOORDINASI PROMOSI DAN PENANAMAN MODAL DAERAH,LAKI-LAKI,83,ORANG,2015
16,32,JAWA BARAT,BADAN KOORDINASI PROMOSI DAN PENANAMAN MODAL DAERAH,PEREMPUAN,55,ORANG,2015
17,32,JAWA BARAT,BADAN PELAYANAN PERIZINAN TERPADU,LAKI-LAKI,13,ORANG,2015
18,32,JAWA BARAT,BADAN PELAYANAN PERIZINAN TERPADU,PEREMPUAN,4,ORANG,2015
19,32,JAWA BARAT,BADAN PEMBERDAYAAN PEREMPUAN DAN KELUARGA BERENCANA,LAKI-LAKI,39,ORANG,2015
20,32,JAWA BARAT,BADAN PEMBERDAYAAN PEREMPUAN DAN KELUARGA BERENCANA,PEREMPUAN,43,ORANG,2015
21,32,JAWA BARAT,BADAN PENDIDIKAN DAN PELATIHAN DAERAH,LAKI-LAKI,85,ORANG,2015
22,32,JAWA BARAT,BADAN PENDIDIKAN DAN PELATIHAN DAERAH,PEREMPUAN,33,ORANG,2015
23,32,JAWA BARAT,BADAN PENGELOLAAN LINGKUNGAN HIDUP DAERAH,LAKI-LAKI,48,ORANG,2015
24,32,JAWA BARAT,BADAN PENGELOLAAN LINGKUNGAN HIDUP DAERAH,PEREMPUAN,43,ORANG,2015
25,32,JAWA BARAT,BADAN PERENCANAAN PEMBANGUNAN DAERAH,LAKI-LAKI,103,ORANG,2015
26,32,JAWA BARAT,BADAN PERENCANAAN PEMBANGUNAN DAERAH,PEREMPUAN,44,ORANG,2015
27,32,JAWA BARAT,BADAN PERPUSTAKAAN DAN KEARSIPAN DAERAH,LAKI-LAKI,72,ORANG,2015
28,32,JAWA BARAT,BADAN PERPUSTAKAAN DAN KEARSIPAN DAERAH,PEREMPUAN,78,ORANG,2015
29,32,JAWA BARAT,DINAS BINA MARGA,LAKI-LAKI,687,ORANG,2015
30,32,JAWA BARAT,DINAS BINA MARGA,PEREMPUAN,126,ORANG,2015
31,32,JAWA BARAT,DINAS ENERGI DAN SUMBER DAYA MINERAL,LAKI-LAKI,174,ORANG,2015
32,32,JAWA BARAT,DINAS ENERGI DAN SUMBER DAYA MINERAL,PEREMPUAN,42,ORANG,2015
33,32,JAWA BARAT,DINAS KEHUTANAN,LAKI-LAKI,142,ORANG,2015
34,32,JAWA BARAT,DINAS KEHUTANAN,PEREMPUAN,38,ORANG,2015
35,32,JAWA BARAT,DINAS KESEHATAN,LAKI-LAKI,234,ORANG,2015
36,32,JAWA BARAT,DINAS KESEHATAN,PEREMPUAN,267,ORANG,2015
37,32,JAWA BARAT,DINAS KOMUNIKASI DAN INFORMATIKA,LAKI-LAKI,70,ORANG,2015
38,32,JAWA BARAT,DINAS KOMUNIKASI DAN INFORMATIKA,PEREMPUAN,29,ORANG,2015
39,32,JAWA BARAT,DINAS KOPERASI DAN UKM,LAKI-LAKI,63,ORANG,2015
40,32,JAWA BARAT,DINAS KOPERASI DAN UKM,PEREMPUAN,48,ORANG,2015
41,32,JAWA BARAT,DINAS OLAH RAGA DAN PEMUDA,LAKI-LAKI,117,ORANG,2015
42,32,JAWA BARAT,DINAS OLAH RAGA DAN PEMUDA,PEREMPUAN,29,ORANG,2015
43,32,JAWA BARAT,DINAS PARIWISATA DAN KEBUDAYAAN,LAKI-LAKI,168,ORANG,2015
44,32,JAWA BARAT,DINAS PARIWISATA DAN KEBUDAYAAN,PEREMPUAN,88,ORANG,2015
45,32,JAWA BARAT,DINAS PEMBERDAYAAN MASYARAKAT,LAKI-LAKI,49,ORANG,2015
46,32,JAWA BARAT,DINAS PEMBERDAYAAN MASYARAKAT,PEREMPUAN,40,ORANG,2015
47,32,JAWA BARAT,DINAS PEMUKIMAN DAN PERUMAHAN,LAKI-LAKI,190,ORANG,2015
48,32,JAWA BARAT,DINAS PEMUKIMAN DAN PERUMAHAN,PEREMPUAN,68,ORANG,2015
49,32,JAWA BARAT,DINAS PENDAPATAN,LAKI-LAKI,710,ORANG,2015
50,32,JAWA BARAT,DINAS PENDAPATAN,PEREMPUAN,196,ORANG,2015
51,32,JAWA BARAT,DINAS PENDIDIKAN,LAKI-LAKI,1141,ORANG,2015
52,32,JAWA BARAT,DINAS PENDIDIKAN,PEREMPUAN,1463,ORANG,2015
53,32,JAWA BARAT,DINAS PENGELOLAAN SUMBER DAYA AIR,LAKI-LAKI,367,ORANG,2015
54,32,JAWA BARAT,DINAS PENGELOLAAN SUMBER DAYA AIR,PEREMPUAN,73,ORANG,2015
55,32,JAWA BARAT,DINAS PERHUBUNGAN,LAKI-LAKI,322,ORANG,2015
56,32,JAWA BARAT,DINAS PERHUBUNGAN,PEREMPUAN,52,ORANG,2015
57,32,JAWA BARAT,DINAS PERIKANAN  DAN KELAUTAN,LAKI-LAKI,205,ORANG,2015
58,32,JAWA BARAT,DINAS PERIKANAN  DAN KELAUTAN,PEREMPUAN,57,ORANG,2015
59,32,JAWA BARAT,DINAS PERINDUSTRIAN DAN PERDAGANGAN,LAKI-LAKI,276,ORANG,2015
60,32,JAWA BARAT,DINAS PERINDUSTRIAN DAN PERDAGANGAN,PEREMPUAN,106,ORANG,2015
61,32,JAWA BARAT,DINAS PERKEBUNAN,LAKI-LAKI,103,ORANG,2015
62,32,JAWA BARAT,DINAS PERKEBUNAN,PEREMPUAN,39,ORANG,2015
63,32,JAWA BARAT,DINAS PERTANIAN  TANAMAN PANGAN,LAKI-LAKI,739,ORANG,2015
64,32,JAWA BARAT,DINAS PERTANIAN  TANAMAN PANGAN,PEREMPUAN,153,ORANG,2015
65,32,JAWA BARAT,DINAS PETERNAKAN,LAKI-LAKI,204,ORANG,2015
66,32,JAWA BARAT,DINAS PETERNAKAN,PEREMPUAN,83,ORANG,2015
67,32,JAWA BARAT,DINAS SOSIAL,LAKI-LAKI,273,ORANG,2015
68,32,JAWA BARAT,DINAS SOSIAL,PEREMPUAN,267,ORANG,2015
69,32,JAWA BARAT,DINAS TENAGA KERJA & TRANSMIGRASI,LAKI-LAKI,145,ORANG,2015
70,32,JAWA BARAT,DINAS TENAGA KERJA & TRANSMIGRASI,PEREMPUAN,74,ORANG,2015
71,32,JAWA BARAT,DIPEKERJAKAN,LAKI-LAKI,3,ORANG,2015
72,32,JAWA BARAT,DIPEKERJAKAN,PEREMPUAN,0,ORANG,2015
73,32,JAWA BARAT,INSPEKTORAT,LAKI-LAKI,108,ORANG,2015
74,32,JAWA BARAT,INSPEKTORAT,PEREMPUAN,25,ORANG,2015
75,32,JAWA BARAT,KANTOR PERWAKILAN PEMERINTAH,LAKI-LAKI,18,ORANG,2015
76,32,JAWA BARAT,KANTOR PERWAKILAN PEMERINTAH,PEREMPUAN,8,ORANG,2015
77,32,JAWA BARAT,MPP,LAKI-LAKI,4,ORANG,2015
78,32,JAWA BARAT,MPP,PEREMPUAN,0,ORANG,2015
79,32,JAWA BARAT,PELAKSANA BADAN PENANGGULANGAN BENCANA DAERAH,LAKI-LAKI,52,ORANG,2015
80,32,JAWA BARAT,PELAKSANA BADAN PENANGGULANGAN BENCANA DAERAH,PEREMPUAN,13,ORANG,2015
81,32,JAWA BARAT,PERUM JASA TIRTA II JATILUHUR,LAKI-LAKI,0,ORANG,2015
82,32,JAWA BARAT,PERUM JASA TIRTA II JATILUHUR,PEREMPUAN,0,ORANG,2015
83,32,JAWA BARAT,RUMAH SAKIT JIWA,LAKI-LAKI,186,ORANG,2015
84,32,JAWA BARAT,RUMAH SAKIT JIWA,PEREMPUAN,217,ORANG,2015
85,32,JAWA BARAT,RUMAH SAKIT PARU,LAKI-LAKI,90,ORANG,2015
86,32,JAWA BARAT,RUMAH SAKIT PARU,PEREMPUAN,89,ORANG,2015
87,32,JAWA BARAT,RUMAH SAKIT UMUM DAERAH AL IHSAN,LAKI-LAKI,19,ORANG,2015
88,32,JAWA BARAT,RUMAH SAKIT UMUM DAERAH AL IHSAN,PEREMPUAN,16,ORANG,2015
89,32,JAWA BARAT,SATUAN POLISI PAMONG PRAJA,LAKI-LAKI,132,ORANG,2015
90,32,JAWA BARAT,SATUAN POLISI PAMONG PRAJA,PEREMPUAN,12,ORANG,2015
91,32,JAWA BARAT,SEKRETARIAT BADAN KERJA SAMA PEMBANGUNAN JABODETABEKJUR,LAKI-LAKI,18,ORANG,2015
92,32,JAWA BARAT,SEKRETARIAT BADAN KERJA SAMA PEMBANGUNAN JABODETABEKJUR,PEREMPUAN,7,ORANG,2015
93,32,JAWA BARAT,SEKRETARIAT BADAN NARKOTIK,LAKI-LAKI,31,ORANG,2015
94,32,JAWA BARAT,SEKRETARIAT BADAN NARKOTIK,PEREMPUAN,19,ORANG,2015
95,32,JAWA BARAT,SEKRETARIAT DEWAN PENGURUS KORPRI,LAKI-LAKI,21,ORANG,2015
96,32,JAWA BARAT,SEKRETARIAT DEWAN PENGURUS KORPRI,PEREMPUAN,10,ORANG,2015
97,32,JAWA BARAT,SEKRETARIAT KOMISI PEMILIHAN UMUM,LAKI-LAKI,19,ORANG,2015
98,32,JAWA BARAT,SEKRETARIAT KOMISI PEMILIHAN UMUM,PEREMPUAN,4,ORANG,2015
99,32,JAWA BARAT,SEKRETARIAT KOMISI PENYIARAN INDONESIA DAERAH,LAKI-LAKI,48,ORANG,2015
100,32,JAWA BARAT,SEKRETARIAT KOMISI PENYIARAN INDONESIA DAERAH,PEREMPUAN,43,ORANG,2015
101,32,JAWA BARAT,SEKRETARIS DPRD,LAKI-LAKI,123,ORANG,2015
102,32,JAWA BARAT,SEKRETARIS DPRD,PEREMPUAN,39,ORANG,2015
103,32,JAWA BARAT,SETDA PROVINSI JAWA BARAT,LAKI-LAKI,757,ORANG,2015
104,32,JAWA BARAT,SETDA PROVINSI JAWA BARAT,PEREMPUAN,322,ORANG,2015
105,32,JAWA BARAT,TITIPAN,LAKI-LAKI,0,ORANG,2015
106,32,JAWA BARAT,TITIPAN,PEREMPUAN,5,ORANG,2015
107,32,JAWA BARAT,UNIVERSITAS WINAYA MUKTI,LAKI-LAKI,0,ORANG,2015
108,32,JAWA BARAT,UNIVERSITAS WINAYA MUKTI,PEREMPUAN,0,ORANG,2015
109,32,JAWA BARAT,BADAN KEPEGAWAIAN DAERAH,LAKI-LAKI,85,ORANG,2017
110,32,JAWA BARAT,BADAN KEPEGAWAIAN DAERAH,PEREMPUAN,47,ORANG,2017
111,32,JAWA BARAT,BADAN KESATUAN BANGSA DAN POLITIK,LAKI-LAKI,53,ORANG,2017
112,32,JAWA BARAT,BADAN KESATUAN BANGSA DAN POLITIK,PEREMPUAN,18,ORANG,2017
113,32,JAWA BARAT,BADAN KOORDINASI PEMERINTAHAN DAN PEMBANGUNAN WILAYAH I,LAKI-LAKI,39,ORANG,2017
114,32,JAWA BARAT,BADAN KOORDINASI PEMERINTAHAN DAN PEMBANGUNAN WILAYAH I,PEREMPUAN,16,ORANG,2017
115,32,JAWA BARAT,BADAN KOORDINASI PEMERINTAHAN DAN PEMBANGUNAN WILAYAH II,LAKI-LAKI,37,ORANG,2017
116,32,JAWA BARAT,BADAN KOORDINASI PEMERINTAHAN DAN PEMBANGUNAN WILAYAH II,PEREMPUAN,13,ORANG,2017
117,32,JAWA BARAT,BADAN KOORDINASI PEMERINTAHAN DAN PEMBANGUNAN WILAYAH III,LAKI-LAKI,36,ORANG,2017
118,32,JAWA BARAT,BADAN KOORDINASI PEMERINTAHAN DAN PEMBANGUNAN WILAYAH III,PEREMPUAN,15,ORANG,2017
119,32,JAWA BARAT,BADAN KOORDINASI PEMERINTAHAN DAN PEMBANGUNAN WILAYAH IV,LAKI-LAKI,50,ORANG,2017
120,32,JAWA BARAT,BADAN KOORDINASI PEMERINTAHAN DAN PEMBANGUNAN WILAYAH IV,PEREMPUAN,17,ORANG,2017
121,32,JAWA BARAT,BADAN PENANGGULANGAN BENCANA DAERAH,LAKI-LAKI,52,ORANG,2017
122,32,JAWA BARAT,BADAN PENANGGULANGAN BENCANA DAERAH,PEREMPUAN,13,ORANG,2017
123,32,JAWA BARAT,BADAN PENDAPATAN DAERAH,LAKI-LAKI,677,ORANG,2017
124,32,JAWA BARAT,BADAN PENDAPATAN DAERAH,PEREMPUAN,181,ORANG,2017
125,32,JAWA BARAT,BADAN PENELITIAN DAN PENGEMBANGAN DAERAH,LAKI-LAKI,26,ORANG,2017
126,32,JAWA BARAT,BADAN PENELITIAN DAN PENGEMBANGAN DAERAH,PEREMPUAN,18,ORANG,2017
127,32,JAWA BARAT,BADAN PENGELOLAAN KEUANGAN DAN ASET DAERAH,LAKI-LAKI,139,ORANG,2017
128,32,JAWA BARAT,BADAN PENGELOLAAN KEUANGAN DAN ASET DAERAH,PEREMPUAN,46,ORANG,2017
129,32,JAWA BARAT,BADAN PENGEMBANGAN SDM,LAKI-LAKI,86,ORANG,2017
130,32,JAWA BARAT,BADAN PENGEMBANGAN SDM,PEREMPUAN,35,ORANG,2017
131,32,JAWA BARAT,BADAN PENGHUBUNG,LAKI-LAKI,15,ORANG,2017
132,32,JAWA BARAT,BADAN PENGHUBUNG,PEREMPUAN,7,ORANG,2017
133,32,JAWA BARAT,BADAN PERENCANAAN PEMBANGUNAN DAERAH,LAKI-LAKI,101,ORANG,2017
134,32,JAWA BARAT,BADAN PERENCANAAN PEMBANGUNAN DAERAH,PEREMPUAN,46,ORANG,2017
135,32,JAWA BARAT,DINAS BINA MARGA DAN PENATAAN RUANG,LAKI-LAKI,612,ORANG,2017
136,32,JAWA BARAT,DINAS BINA MARGA DAN PENATAAN RUANG,PEREMPUAN,109,ORANG,2017
137,32,JAWA BARAT,DINAS ENERGI DAN SUMBER DAYA MINERAL,LAKI-LAKI,213,ORANG,2017
138,32,JAWA BARAT,DINAS ENERGI DAN SUMBER DAYA MINERAL,PEREMPUAN,49,ORANG,2017
139,32,JAWA BARAT,DINAS KEHUTANAN,LAKI-LAKI,708,ORANG,2017
140,32,JAWA BARAT,DINAS KEHUTANAN,PEREMPUAN,121,ORANG,2017
141,32,JAWA BARAT,DINAS KELAUTAN DAN PERIKANAN,LAKI-LAKI,190,ORANG,2017
142,32,JAWA BARAT,DINAS KELAUTAN DAN PERIKANAN,PEREMPUAN,53,ORANG,2017
143,32,JAWA BARAT,DINAS KEPENDUDUKAN DAN PENCATATAN SIPIL,LAKI-LAKI,30,ORANG,2017
144,32,JAWA BARAT,DINAS KEPENDUDUKAN DAN PENCATATAN SIPIL,PEREMPUAN,20,ORANG,2017
145,32,JAWA BARAT,DINAS KESEHATAN,LAKI-LAKI,560,ORANG,2017
146,32,JAWA BARAT,DINAS KESEHATAN,PEREMPUAN,647,ORANG,2017
147,32,JAWA BARAT,DINAS KETAHANAN PANGAN DAN PETERNAKAN,LAKI-LAKI,195,ORANG,2017
148,32,JAWA BARAT,DINAS KETAHANAN PANGAN DAN PETERNAKAN,PEREMPUAN,93,ORANG,2017
149,32,JAWA BARAT,DINAS KOMUNIKASI DAN INFORMATIKA,LAKI-LAKI,68,ORANG,2017
150,32,JAWA BARAT,DINAS KOMUNIKASI DAN INFORMATIKA,PEREMPUAN,29,ORANG,2017
151,32,JAWA BARAT,DINAS KOPERASI DAN USAHA KECIL,LAKI-LAKI,45,ORANG,2017
152,32,JAWA BARAT,DINAS KOPERASI DAN USAHA KECIL,PEREMPUAN,42,ORANG,2017
153,32,JAWA BARAT,DINAS LINGKUNGAN HIDUP,LAKI-LAKI,59,ORANG,2017
154,32,JAWA BARAT,DINAS LINGKUNGAN HIDUP,PEREMPUAN,43,ORANG,2017
155,32,JAWA BARAT,DINAS PARIWISATA DAN KEBUDAYAAN,LAKI-LAKI,151,ORANG,2017
156,32,JAWA BARAT,DINAS PARIWISATA DAN KEBUDAYAAN,PEREMPUAN,79,ORANG,2017
157,32,JAWA BARAT,DINAS PEMBERDAYAAN MASYARAKAT DAN DESA,LAKI-LAKI,44,ORANG,2017
158,32,JAWA BARAT,DINAS PEMBERDAYAAN MASYARAKAT DAN DESA,PEREMPUAN,29,ORANG,2017
159,32,JAWA BARAT,DINAS PEMBERDAYAAN PERLINDUNGAN ANAK DAN KELUARGA BERENCANA,LAKI-LAKI,35,ORANG,2017
160,32,JAWA BARAT,DINAS PEMBERDAYAAN PERLINDUNGAN ANAK DAN KELUARGA BERENCANA,PEREMPUAN,43,ORANG,2017
161,32,JAWA BARAT,DINAS PEMUDA DAN OLAHRAGA,LAKI-LAKI,109,ORANG,2017
162,32,JAWA BARAT,DINAS PEMUDA DAN OLAHRAGA,PEREMPUAN,25,ORANG,2017
163,32,JAWA BARAT,DINAS PENANAMAN MODAL DAN PELAYANAN TERPADU SATU PINTU,LAKI-LAKI,77,ORANG,2017
164,32,JAWA BARAT,DINAS PENANAMAN MODAL DAN PELAYANAN TERPADU SATU PINTU,PEREMPUAN,50,ORANG,2017
165,32,JAWA BARAT,DINAS PENDIDIKAN,LAKI-LAKI,1057,ORANG,2017
166,32,JAWA BARAT,DINAS PENDIDIKAN,PEREMPUAN,1404,ORANG,2017
167,32,JAWA BARAT,DINAS PERHUBUNGAN,LAKI-LAKI,215,ORANG,2017
168,32,JAWA BARAT,DINAS PERHUBUNGAN,PEREMPUAN,48,ORANG,2017
169,32,JAWA BARAT,DINAS PERINDUSTRIAN DAN PERDAGANGAN,LAKI-LAKI,189,ORANG,2017
170,32,JAWA BARAT,DINAS PERINDUSTRIAN DAN PERDAGANGAN,PEREMPUAN,96,ORANG,2017
171,32,JAWA BARAT,DINAS PERKEBUNAN,LAKI-LAKI,95,ORANG,2017
172,32,JAWA BARAT,DINAS PERKEBUNAN,PEREMPUAN,31,ORANG,2017
173,32,JAWA BARAT,DINAS PERPUSTAKAAN DAN KEARSIPAN DAERAH,LAKI-LAKI,66,ORANG,2017
174,32,JAWA BARAT,DINAS PERPUSTAKAAN DAN KEARSIPAN DAERAH,PEREMPUAN,70,ORANG,2017
175,32,JAWA BARAT,DINAS PERUMAHAN DAN PERMUKIMAN,LAKI-LAKI,151,ORANG,2017
176,32,JAWA BARAT,DINAS PERUMAHAN DAN PERMUKIMAN,PEREMPUAN,57,ORANG,2017
177,32,JAWA BARAT,DINAS SOSIAL,LAKI-LAKI,241,ORANG,2017
178,32,JAWA BARAT,DINAS SOSIAL,PEREMPUAN,154,ORANG,2017
179,32,JAWA BARAT,DINAS SUMBER DAYA AIR,LAKI-LAKI,288,ORANG,2017
180,32,JAWA BARAT,DINAS SUMBER DAYA AIR,PEREMPUAN,63,ORANG,2017
181,32,JAWA BARAT,DINAS TANAMAN PAN-GAN DAN HORTIKULTURA,LAKI-LAKI,617,ORANG,2017
182,32,JAWA BARAT,DINAS TANAMAN PAN-GAN DAN HORTIKULTURA,PEREMPUAN,146,ORANG,2017
183,32,JAWA BARAT,DINAS TENAGA KERJA DAN TRANSMIGRASI,LAKI-LAKI,273,ORANG,2017
184,32,JAWA BARAT,DINAS TENAGA KERJA DAN TRANSMIGRASI,PEREMPUAN,124,ORANG,2017
185,32,JAWA BARAT,DIPEKERJAKAN,LAKI-LAKI,0,ORANG,2017
186,32,JAWA BARAT,DIPEKERJAKAN,PEREMPUAN,0,ORANG,2017
187,32,JAWA BARAT,INSPEKTORAT DAERAH,LAKI-LAKI,101,ORANG,2017
188,32,JAWA BARAT,INSPEKTORAT DAERAH,PEREMPUAN,31,ORANG,2017
189,32,JAWA BARAT,MPP,LAKI-LAKI,2,ORANG,2017
190,32,JAWA BARAT,MPP,PEREMPUAN,3,ORANG,2017
191,32,JAWA BARAT,SATUAN POLISI PAMONG PRAJA,LAKI-LAKI,117,ORANG,2017
192,32,JAWA BARAT,SATUAN POLISI PAMONG PRAJA,PEREMPUAN,9,ORANG,2017
193,32,JAWA BARAT,SEKRETARIAT BADAN PEMBANGUNAN JABODETABEKJUR PROVINSI JAWA BARAT,LAKI-LAKI,14,ORANG,2017
194,32,JAWA BARAT,SEKRETARIAT BADAN PEMBANGUNAN JABODETABEKJUR PROVINSI JAWA BARAT,PEREMPUAN,6,ORANG,2017
195,32,JAWA BARAT,SEKRETARIAT DAERAH,LAKI-LAKI,503,ORANG,2017
196,32,JAWA BARAT,SEKRETARIAT DAERAH,PEREMPUAN,228,ORANG,2017
197,32,JAWA BARAT,SEKRETARIAT DPRD,LAKI-LAKI,117,ORANG,2017
198,32,JAWA BARAT,SEKRETARIAT DPRD,PEREMPUAN,34,ORANG,2017
199,32,JAWA BARAT,SEKRETARIAT KOMISI PEMILIHAN UMUM,LAKI-LAKI,13,ORANG,2017
200,32,JAWA BARAT,SEKRETARIAT KOMISI PEMILIHAN UMUM,PEREMPUAN,3,ORANG,2017
201,32,JAWA BARAT,TITIPAN,LAKI-LAKI,0,ORANG,2017
202,32,JAWA BARAT,TITIPAN,PEREMPUAN,5,ORANG,2017
203,32,JAWA BARAT,BADAN KEPEGAWAIAN DAERAH,LAKI-LAKI,76,ORANG,2018
204,32,JAWA BARAT,BADAN KEPEGAWAIAN DAERAH,PEREMPUAN,43,ORANG,2018
205,32,JAWA BARAT,BADAN KESATUAN BANGSA DAN POLITIK,LAKI-LAKI,50,ORANG,2018
206,32,JAWA BARAT,BADAN KESATUAN BANGSA DAN POLITIK,PEREMPUAN,17,ORANG,2018
207,32,JAWA BARAT,BADAN KOORDINASI PEMERINTAHAN DAN PEMBANGUNAN WILAYAH I,LAKI-LAKI,36,ORANG,2018
208,32,JAWA BARAT,BADAN KOORDINASI PEMERINTAHAN DAN PEMBANGUNAN WILAYAH I,PEREMPUAN,15,ORANG,2018
209,32,JAWA BARAT,BADAN KOORDINASI PEMERINTAHAN DAN PEMBANGUNAN WILAYAH II,LAKI-LAKI,34,ORANG,2018
210,32,JAWA BARAT,BADAN KOORDINASI PEMERINTAHAN DAN PEMBANGUNAN WILAYAH II,PEREMPUAN,12,ORANG,2018
211,32,JAWA BARAT,BADAN KOORDINASI PEMERINTAHAN DAN PEMBANGUNAN WILAYAH III,LAKI-LAKI,32,ORANG,2018
212,32,JAWA BARAT,BADAN KOORDINASI PEMERINTAHAN DAN PEMBANGUNAN WILAYAH III,PEREMPUAN,12,ORANG,2018
213,32,JAWA BARAT,BADAN KOORDINASI PEMERINTAHAN DAN PEMBANGUNAN WILAYAH IV,LAKI-LAKI,44,ORANG,2018
214,32,JAWA BARAT,BADAN KOORDINASI PEMERINTAHAN DAN PEMBANGUNAN WILAYAH IV,PEREMPUAN,15,ORANG,2018
215,32,JAWA BARAT,BADAN PENANGGULANGAN BENCANA DAERAH,LAKI-LAKI,54,ORANG,2018
216,32,JAWA BARAT,BADAN PENANGGULANGAN BENCANA DAERAH,PEREMPUAN,12,ORANG,2018
217,32,JAWA BARAT,BADAN PENDAPATAN DAERAH,LAKI-LAKI,662,ORANG,2018
218,32,JAWA BARAT,BADAN PENDAPATAN DAERAH,PEREMPUAN,190,ORANG,2018
219,32,JAWA BARAT,BADAN PENELITIAN DAN PENGEMBANGAN DAERAH,LAKI-LAKI,22,ORANG,2018
220,32,JAWA BARAT,BADAN PENELITIAN DAN PENGEMBANGAN DAERAH,PEREMPUAN,19,ORANG,2018
221,32,JAWA BARAT,BADAN PENGELOLAAN KEUANGAN DAN ASET DAERAH,LAKI-LAKI,102,ORANG,2018
222,32,JAWA BARAT,BADAN PENGELOLAAN KEUANGAN DAN ASET DAERAH,PEREMPUAN,39,ORANG,2018
223,32,JAWA BARAT,BADAN PENGEMBANGAN SDM,LAKI-LAKI,90,ORANG,2018
224,32,JAWA BARAT,BADAN PENGEMBANGAN SDM,PEREMPUAN,32,ORANG,2018
225,32,JAWA BARAT,BADAN PENGHUBUNG,LAKI-LAKI,21,ORANG,2018
226,32,JAWA BARAT,BADAN PENGHUBUNG,PEREMPUAN,9,ORANG,2018
227,32,JAWA BARAT,BADAN PERENCANAAN PEMBANGUNAN DAERAH,LAKI-LAKI,96,ORANG,2018
228,32,JAWA BARAT,BADAN PERENCANAAN PEMBANGUNAN DAERAH,PEREMPUAN,43,ORANG,2018
229,32,JAWA BARAT,DINAS BINA MARGA DAN PENATAAN RUANG,LAKI-LAKI,591,ORANG,2018
230,32,JAWA BARAT,DINAS BINA MARGA DAN PENATAAN RUANG,PEREMPUAN,105,ORANG,2018
231,32,JAWA BARAT,DINAS ENERGI DAN SUMBER DAYA MINERAL,LAKI-LAKI,200,ORANG,2018
232,32,JAWA BARAT,DINAS ENERGI DAN SUMBER DAYA MINERAL,PEREMPUAN,47,ORANG,2018
233,32,JAWA BARAT,DINAS KEHUTANAN,LAKI-LAKI,637,ORANG,2018
234,32,JAWA BARAT,DINAS KEHUTANAN,PEREMPUAN,119,ORANG,2018
235,32,JAWA BARAT,DINAS KELAUTAN DAN PERIKANAN,LAKI-LAKI,175,ORANG,2018
236,32,JAWA BARAT,DINAS KELAUTAN DAN PERIKANAN,PEREMPUAN,50,ORANG,2018
237,32,JAWA BARAT,DINAS KEPENDUDUKAN DAN PENCATATAN SIPIL,LAKI-LAKI,24,ORANG,2018
238,32,JAWA BARAT,DINAS KEPENDUDUKAN DAN PENCATATAN SIPIL,PEREMPUAN,18,ORANG,2018
239,32,JAWA BARAT,DINAS KESEHATAN,LAKI-LAKI,549,ORANG,2018
240,32,JAWA BARAT,DINAS KESEHATAN,PEREMPUAN,635,ORANG,2018
241,32,JAWA BARAT,DINAS KETAHANAN PANGAN DAN PETERNAKAN,LAKI-LAKI,186,ORANG,2018
242,32,JAWA BARAT,DINAS KETAHANAN PANGAN DAN PETERNAKAN,PEREMPUAN,89,ORANG,2018
243,32,JAWA BARAT,DINAS KOMUNIKASI DAN INFORMATIKA,LAKI-LAKI,58,ORANG,2018
244,32,JAWA BARAT,DINAS KOMUNIKASI DAN INFORMATIKA,PEREMPUAN,27,ORANG,2018
245,32,JAWA BARAT,DINAS KOPERASI DAN USAHA KECIL,LAKI-LAKI,39,ORANG,2018
246,32,JAWA BARAT,DINAS KOPERASI DAN USAHA KECIL,PEREMPUAN,43,ORANG,2018
247,32,JAWA BARAT,DINAS LINGKUNGAN HIDUP,LAKI-LAKI,57,ORANG,2018
248,32,JAWA BARAT,DINAS LINGKUNGAN HIDUP,PEREMPUAN,43,ORANG,2018
249,32,JAWA BARAT,DINAS PARIWISATA DAN KEBUDAYAAN,LAKI-LAKI,111,ORANG,2018
250,32,JAWA BARAT,DINAS PARIWISATA DAN KEBUDAYAAN,PEREMPUAN,59,ORANG,2018
251,32,JAWA BARAT,DINAS PEMBERDAYAAN MASYARAKAT DAN DESA,LAKI-LAKI,41,ORANG,2018
252,32,JAWA BARAT,DINAS PEMBERDAYAAN MASYARAKAT DAN DESA,PEREMPUAN,28,ORANG,2018
253,32,JAWA BARAT,DINAS PEMBERDAYAAN PERLINDUNGAN ANAK DAN KELUARGA BERENCANA,LAKI-LAKI,31,ORANG,2018
254,32,JAWA BARAT,DINAS PEMBERDAYAAN PERLINDUNGAN ANAK DAN KELUARGA BERENCANA,PEREMPUAN,39,ORANG,2018
255,32,JAWA BARAT,DINAS PEMUDA DAN OLAHRAGA,LAKI-LAKI,101,ORANG,2018
256,32,JAWA BARAT,DINAS PEMUDA DAN OLAHRAGA,PEREMPUAN,25,ORANG,2018
257,32,JAWA BARAT,DINAS PENANAMAN MODAL DAN PELAYANAN TERPADU SATU PINTU,LAKI-LAKI,76,ORANG,2018
258,32,JAWA BARAT,DINAS PENANAMAN MODAL DAN PELAYANAN TERPADU SATU PINTU,PEREMPUAN,51,ORANG,2018
259,32,JAWA BARAT,DINAS PENDIDIKAN,LAKI-LAKI,13479,ORANG,2018
260,32,JAWA BARAT,DINAS PENDIDIKAN,PEREMPUAN,13871,ORANG,2018
261,32,JAWA BARAT,DINAS PERHUBUNGAN,LAKI-LAKI,237,ORANG,2018
262,32,JAWA BARAT,DINAS PERHUBUNGAN,PEREMPUAN,49,ORANG,2018
263,32,JAWA BARAT,DINAS PERINDUSTRIAN DAN PERDAGANGAN,LAKI-LAKI,166,ORANG,2018
264,32,JAWA BARAT,DINAS PERINDUSTRIAN DAN PERDAGANGAN,PEREMPUAN,85,ORANG,2018
265,32,JAWA BARAT,DINAS PERKEBUNAN,LAKI-LAKI,92,ORANG,2018
266,32,JAWA BARAT,DINAS PERKEBUNAN,PEREMPUAN,26,ORANG,2018
267,32,JAWA BARAT,DINAS PERPUSTAKAAN DAN KEARSIPAN DAERAH,LAKI-LAKI,65,ORANG,2018
268,32,JAWA BARAT,DINAS PERPUSTAKAAN DAN KEARSIPAN DAERAH,PEREMPUAN,69,ORANG,2018
269,32,JAWA BARAT,DINAS PERUMAHAN DAN PERMUKIMAN,LAKI-LAKI,134,ORANG,2018
270,32,JAWA BARAT,DINAS PERUMAHAN DAN PERMUKIMAN,PEREMPUAN,53,ORANG,2018
271,32,JAWA BARAT,DINAS SOSIAL,LAKI-LAKI,216,ORANG,2018
272,32,JAWA BARAT,DINAS SOSIAL,PEREMPUAN,149,ORANG,2018
273,32,JAWA BARAT,DINAS SUMBER DAYA AIR,LAKI-LAKI,267,ORANG,2018
274,32,JAWA BARAT,DINAS SUMBER DAYA AIR,PEREMPUAN,59,ORANG,2018
275,32,JAWA BARAT,DINAS TANAMAN PAN-GAN DAN HORTIKULTURA,LAKI-LAKI,552,ORANG,2018
276,32,JAWA BARAT,DINAS TANAMAN PAN-GAN DAN HORTIKULTURA,PEREMPUAN,139,ORANG,2018
277,32,JAWA BARAT,DINAS TENAGA KERJA DAN TRANSMIGRASI,LAKI-LAKI,263,ORANG,2018
278,32,JAWA BARAT,DINAS TENAGA KERJA DAN TRANSMIGRASI,PEREMPUAN,117,ORANG,2018
279,32,JAWA BARAT,DIPEKERJAKAN,LAKI-LAKI,0,ORANG,2018
280,32,JAWA BARAT,DIPEKERJAKAN,PEREMPUAN,0,ORANG,2018
281,32,JAWA BARAT,INSPEKTORAT DAERAH,LAKI-LAKI,100,ORANG,2018
282,32,JAWA BARAT,INSPEKTORAT DAERAH,PEREMPUAN,34,ORANG,2018
283,32,JAWA BARAT,MPP,LAKI-LAKI,2,ORANG,2018
284,32,JAWA BARAT,MPP,PEREMPUAN,0,ORANG,2018
285,32,JAWA BARAT,SATUAN POLISI PAMONG PRAJA,LAKI-LAKI,110,ORANG,2018
286,32,JAWA BARAT,SATUAN POLISI PAMONG PRAJA,PEREMPUAN,8,ORANG,2018
287,32,JAWA BARAT,SEKRETARIAT BADAN PEMBANGUNAN JABODETABEKJUR PROVINSI JAWA BARAT,LAKI-LAKI,14,ORANG,2018
288,32,JAWA BARAT,SEKRETARIAT BADAN PEMBANGUNAN JABODETABEKJUR PROVINSI JAWA BARAT,PEREMPUAN,6,ORANG,2018
289,32,JAWA BARAT,SEKRETARIAT DAERAH,LAKI-LAKI,529,ORANG,2018
290,32,JAWA BARAT,SEKRETARIAT DAERAH,PEREMPUAN,211,ORANG,2018
291,32,JAWA BARAT,SEKRETARIAT DPRD,LAKI-LAKI,109,ORANG,2018
292,32,JAWA BARAT,SEKRETARIAT DPRD,PEREMPUAN,31,ORANG,2018
293,32,JAWA BARAT,SEKRETARIAT KOMISI PEMILIHAN UMUM,LAKI-LAKI,13,ORANG,2018
294,32,JAWA BARAT,SEKRETARIAT KOMISI PEMILIHAN UMUM,PEREMPUAN,3,ORANG,2018
295,32,JAWA BARAT,TITIPAN,LAKI-LAKI,0,ORANG,2018
296,32,JAWA BARAT,TITIPAN,PEREMPUAN,3,ORANG,2018
297,32,JAWA BARAT,BADAN KEPEGAWAIAN DAERAH,LAKI-LAKI,76,ORANG,2019
298,32,JAWA BARAT,BADAN KEPEGAWAIAN DAERAH,PEREMPUAN,42,ORANG,2019
299,32,JAWA BARAT,BADAN KESATUAN BANGSA DAN POLITIK,LAKI-LAKI,47,ORANG,2019
300,32,JAWA BARAT,BADAN KESATUAN BANGSA DAN POLITIK,PEREMPUAN,12,ORANG,2019
301,32,JAWA BARAT,BADAN PENANGGULANGAN BENCANA DAERAH,LAKI-LAKI,49,ORANG,2019
302,32,JAWA BARAT,BADAN PENANGGULANGAN BENCANA DAERAH,PEREMPUAN,9,ORANG,2019
303,32,JAWA BARAT,BADAN PENDAPATAN DAERAH,LAKI-LAKI,640,ORANG,2019
304,32,JAWA BARAT,BADAN PENDAPATAN DAERAH,PEREMPUAN,184,ORANG,2019
305,32,JAWA BARAT,BADAN PENELITIAN DAN PENGEMBANGAN DAERAH,LAKI-LAKI,21,ORANG,2019
306,32,JAWA BARAT,BADAN PENELITIAN DAN PENGEMBANGAN DAERAH,PEREMPUAN,16,ORANG,2019
307,32,JAWA BARAT,BADAN PENGELOLAAN KEUANGAN DAN ASET DAERAH,LAKI-LAKI,118,ORANG,2019
308,32,JAWA BARAT,BADAN PENGELOLAAN KEUANGAN DAN ASET DAERAH,PEREMPUAN,38,ORANG,2019
309,32,JAWA BARAT,BADAN PENGEMBANGAN SUMBER DAYA MANUSIA,LAKI-LAKI,90,ORANG,2019
310,32,JAWA BARAT,BADAN PENGEMBANGAN SUMBER DAYA MANUSIA,PEREMPUAN,35,ORANG,2019
311,32,JAWA BARAT,BADAN PENGHUBUNG,LAKI-LAKI,22,ORANG,2019
312,32,JAWA BARAT,BADAN PENGHUBUNG,PEREMPUAN,10,ORANG,2019
313,32,JAWA BARAT,BADAN PERENCANAAN PEMBANGUNAN DAERAH,LAKI-LAKI,89,ORANG,2019
314,32,JAWA BARAT,BADAN PERENCANAAN PEMBANGUNAN DAERAH,PEREMPUAN,40,ORANG,2019
315,32,JAWA BARAT,DINAS BINA MARGA DAN PENATAAN RUANG,LAKI-LAKI,566,ORANG,2019
316,32,JAWA BARAT,DINAS BINA MARGA DAN PENATAAN RUANG,PEREMPUAN,98,ORANG,2019
317,32,JAWA BARAT,DINAS ENERGI DAN SUMBER DAYA MINERAL,LAKI-LAKI,202,ORANG,2019
318,32,JAWA BARAT,DINAS ENERGI DAN SUMBER DAYA MINERAL,PEREMPUAN,51,ORANG,2019
319,32,JAWA BARAT,DINAS KEHUTANAN,LAKI-LAKI,577,ORANG,2019
320,32,JAWA BARAT,DINAS KEHUTANAN,PEREMPUAN,105,ORANG,2019
321,32,JAWA BARAT,DINAS KELAUTAN DAN PERIKANAN,LAKI-LAKI,170,ORANG,2019
322,32,JAWA BARAT,DINAS KELAUTAN DAN PERIKANAN,PEREMPUAN,52,ORANG,2019
323,32,JAWA BARAT,DINAS KEPENDUDUKAN DAN PENCATATAN SIPIL,LAKI-LAKI,23,ORANG,2019
324,32,JAWA BARAT,DINAS KEPENDUDUKAN DAN PENCATATAN SIPIL,PEREMPUAN,16,ORANG,2019
325,32,JAWA BARAT,DINAS KESEHATAN,LAKI-LAKI,522,ORANG,2019
326,32,JAWA BARAT,DINAS KESEHATAN,PEREMPUAN,621,ORANG,2019
327,32,JAWA BARAT,DINAS KETAHANAN PANGAN DAN PETERNAKAN,LAKI-LAKI,184,ORANG,2019
328,32,JAWA BARAT,DINAS KETAHANAN PANGAN DAN PETERNAKAN,PEREMPUAN,83,ORANG,2019
329,32,JAWA BARAT,DINAS KOMUNIKASI DAN INFORMATIKA,LAKI-LAKI,57,ORANG,2019
330,32,JAWA BARAT,DINAS KOMUNIKASI DAN INFORMATIKA,PEREMPUAN,25,ORANG,2019
331,32,JAWA BARAT,DINAS KOPERASI DAN USAHA KECIL,LAKI-LAKI,39,ORANG,2019
332,32,JAWA BARAT,DINAS KOPERASI DAN USAHA KECIL,PEREMPUAN,41,ORANG,2019
333,32,JAWA BARAT,DINAS LINGKUNGAN HIDUP,LAKI-LAKI,48,ORANG,2019
334,32,JAWA BARAT,DINAS LINGKUNGAN HIDUP,PEREMPUAN,40,ORANG,2019
335,32,JAWA BARAT,DINAS PARIWISATA DAN KEBUDAYAAN,LAKI-LAKI,108,ORANG,2019
336,32,JAWA BARAT,DINAS PARIWISATA DAN KEBUDAYAAN,PEREMPUAN,52,ORANG,2019
337,32,JAWA BARAT,DINAS PEMBERDAYAAN MASYARAKAT DAN DESA,LAKI-LAKI,37,ORANG,2019
338,32,JAWA BARAT,DINAS PEMBERDAYAAN MASYARAKAT DAN DESA,PEREMPUAN,25,ORANG,2019
339,32,JAWA BARAT,"DINAS PEMBERDAYAAN PEREMPUAN, PERLINDUNGAN ANAK DAN KELUARGA BERENCANA",LAKI-LAKI,29,ORANG,2019
340,32,JAWA BARAT,"DINAS PEMBERDAYAAN PEREMPUAN, PERLINDUNGAN ANAK DAN KELUARGA BERENCANA",PEREMPUAN,37,ORANG,2019
341,32,JAWA BARAT,DINAS PEMUDA DAN OLAHRAGA,LAKI-LAKI,98,ORANG,2019
342,32,JAWA BARAT,DINAS PEMUDA DAN OLAHRAGA,PEREMPUAN,27,ORANG,2019
343,32,JAWA BARAT,DINAS PENANAMAN MODAL DAN PELAYANAN TERPADU SATU PINTU,LAKI-LAKI,76,ORANG,2019
344,32,JAWA BARAT,DINAS PENANAMAN MODAL DAN PELAYANAN TERPADU SATU PINTU,PEREMPUAN,46,ORANG,2019
345,32,JAWA BARAT,DINAS PENDIDIKAN,LAKI-LAKI,12440,ORANG,2019
346,32,JAWA BARAT,DINAS PENDIDIKAN,PEREMPUAN,13197,ORANG,2019
347,32,JAWA BARAT,DINAS PERHUBUNGAN,LAKI-LAKI,232,ORANG,2019
348,32,JAWA BARAT,DINAS PERHUBUNGAN,PEREMPUAN,49,ORANG,2019
349,32,JAWA BARAT,DINAS PERINDUSTRIAN DAN PERDAGANGAN,LAKI-LAKI,167,ORANG,2019
350,32,JAWA BARAT,DINAS PERINDUSTRIAN DAN PERDAGANGAN,PEREMPUAN,80,ORANG,2019
351,32,JAWA BARAT,DINAS PERKEBUNAN,LAKI-LAKI,84,ORANG,2019
352,32,JAWA BARAT,DINAS PERKEBUNAN,PEREMPUAN,22,ORANG,2019
353,32,JAWA BARAT,DINAS PERPUSTAKAAN DAN KEARSIPAN DAERAH,LAKI-LAKI,60,ORANG,2019
354,32,JAWA BARAT,DINAS PERPUSTAKAAN DAN KEARSIPAN DAERAH,PEREMPUAN,70,ORANG,2019
355,32,JAWA BARAT,DINAS PERUMAHAN DAN PERMUKIMAN,LAKI-LAKI,121,ORANG,2019
356,32,JAWA BARAT,DINAS PERUMAHAN DAN PERMUKIMAN,PEREMPUAN,47,ORANG,2019
357,32,JAWA BARAT,DINAS SOSIAL,LAKI-LAKI,203,ORANG,2019
358,32,JAWA BARAT,DINAS SOSIAL,PEREMPUAN,136,ORANG,2019
359,32,JAWA BARAT,DINAS SUMBER DAYA AIR,LAKI-LAKI,253,ORANG,2019
360,32,JAWA BARAT,DINAS SUMBER DAYA AIR,PEREMPUAN,54,ORANG,2019
361,32,JAWA BARAT,DINAS TANAMAN PANGAN DAN HORTIKULTURA,LAKI-LAKI,488,ORANG,2019
362,32,JAWA BARAT,DINAS TANAMAN PANGAN DAN HORTIKULTURA,PEREMPUAN,130,ORANG,2019
363,32,JAWA BARAT,DINAS TENAGA KERJA DAN TRANSMIGRASI,LAKI-LAKI,257,ORANG,2019
364,32,JAWA BARAT,DINAS TENAGA KERJA DAN TRANSMIGRASI,PEREMPUAN,111,ORANG,2019
365,32,JAWA BARAT,INSPEKTORAT DAERAH,LAKI-LAKI,99,ORANG,2019
366,32,JAWA BARAT,INSPEKTORAT DAERAH,PEREMPUAN,36,ORANG,2019
367,32,JAWA BARAT,SATUAN POLISI PAMONG PRAJA,LAKI-LAKI,106,ORANG,2019
368,32,JAWA BARAT,SATUAN POLISI PAMONG PRAJA,PEREMPUAN,5,ORANG,2019
369,32,JAWA BARAT,SEKRETARIAT DAERAH,LAKI-LAKI,526,ORANG,2019
370,32,JAWA BARAT,SEKRETARIAT DAERAH,PEREMPUAN,210,ORANG,2019
371,32,JAWA BARAT,SEKRETARIAT DPRD,LAKI-LAKI,108,ORANG,2019
372,32,JAWA BARAT,SEKRETARIAT DPRD,PEREMPUAN,30,ORANG,2019
373,32,JAWA BARAT,BADAN KEPEGAWAIAN DAERAH,LAKI-LAKI,73,ORANG,2020
374,32,JAWA BARAT,BADAN KEPEGAWAIAN DAERAH,PEREMPUAN,42,ORANG,2020
375,32,JAWA BARAT,BADAN KESATUAN BANGSA DAN POLITIK,LAKI-LAKI,48,ORANG,2020
376,32,JAWA BARAT,BADAN KESATUAN BANGSA DAN POLITIK,PEREMPUAN,14,ORANG,2020
377,32,JAWA BARAT,BADAN PENANGGULANGAN BENCANA DAERAH,LAKI-LAKI,50,ORANG,2020
378,32,JAWA BARAT,BADAN PENANGGULANGAN BENCANA DAERAH,PEREMPUAN,8,ORANG,2020
379,32,JAWA BARAT,BADAN PENDAPATAN DAERAH,LAKI-LAKI,620,ORANG,2020
380,32,JAWA BARAT,BADAN PENDAPATAN DAERAH,PEREMPUAN,178,ORANG,2020
381,32,JAWA BARAT,BADAN PENELITIAN DAN PENGEMBANGAN DAERAH,LAKI-LAKI,29,ORANG,2020
382,32,JAWA BARAT,BADAN PENELITIAN DAN PENGEMBANGAN DAERAH,PEREMPUAN,17,ORANG,2020
383,32,JAWA BARAT,BADAN PENGELOLAAN KEUANGAN DAN ASET DAERAH,LAKI-LAKI,114,ORANG,2020
384,32,JAWA BARAT,BADAN PENGELOLAAN KEUANGAN DAN ASET DAERAH,PEREMPUAN,37,ORANG,2020
385,32,JAWA BARAT,BADAN PENGEMBANGAN SUMBER DAYA MANUSIA,LAKI-LAKI,90,ORANG,2020
386,32,JAWA BARAT,BADAN PENGEMBANGAN SUMBER DAYA MANUSIA,PEREMPUAN,31,ORANG,2020
387,32,JAWA BARAT,BADAN PENGHUBUNG,LAKI-LAKI,21,ORANG,2020
388,32,JAWA BARAT,BADAN PENGHUBUNG,PEREMPUAN,9,ORANG,2020
389,32,JAWA BARAT,BADAN PERENCANAAN PEMBANGUNAN DAERAH,LAKI-LAKI,81,ORANG,2020
390,32,JAWA BARAT,BADAN PERENCANAAN PEMBANGUNAN DAERAH,PEREMPUAN,44,ORANG,2020
391,32,JAWA BARAT,DINAS BINA MARGA DAN PENATAAN RUANG,LAKI-LAKI,533,ORANG,2020
392,32,JAWA BARAT,DINAS BINA MARGA DAN PENATAAN RUANG,PEREMPUAN,102,ORANG,2020
393,32,JAWA BARAT,DINAS ENERGI DAN SUMBER DAYA MINERAL,LAKI-LAKI,192,ORANG,2020
394,32,JAWA BARAT,DINAS ENERGI DAN SUMBER DAYA MINERAL,PEREMPUAN,45,ORANG,2020
395,32,JAWA BARAT,DINAS KEHUTANAN,LAKI-LAKI,535,ORANG,2020
396,32,JAWA BARAT,DINAS KEHUTANAN,PEREMPUAN,102,ORANG,2020
397,32,JAWA BARAT,DINAS KELAUTAN DAN PERIKANAN,LAKI-LAKI,156,ORANG,2020
398,32,JAWA BARAT,DINAS KELAUTAN DAN PERIKANAN,PEREMPUAN,49,ORANG,2020
399,32,JAWA BARAT,DINAS KEPENDUDUKAN DAN PENCATATAN SIPIL,LAKI-LAKI,24,ORANG,2020
400,32,JAWA BARAT,DINAS KEPENDUDUKAN DAN PENCATATAN SIPIL,PEREMPUAN,13,ORANG,2020
401,32,JAWA BARAT,DINAS KESEHATAN,LAKI-LAKI,527,ORANG,2020
402,32,JAWA BARAT,DINAS KESEHATAN,PEREMPUAN,662,ORANG,2020
403,32,JAWA BARAT,DINAS KETAHANAN PANGAN DAN PETERNAKAN,LAKI-LAKI,177,ORANG,2020
404,32,JAWA BARAT,DINAS KETAHANAN PANGAN DAN PETERNAKAN,PEREMPUAN,82,ORANG,2020
405,32,JAWA BARAT,DINAS KOMUNIKASI DAN INFORMATIKA,LAKI-LAKI,54,ORANG,2020
406,32,JAWA BARAT,DINAS KOMUNIKASI DAN INFORMATIKA,PEREMPUAN,27,ORANG,2020
407,32,JAWA BARAT,DINAS KOPERASI DAN USAHA KECIL,LAKI-LAKI,42,ORANG,2020
408,32,JAWA BARAT,DINAS KOPERASI DAN USAHA KECIL,PEREMPUAN,37,ORANG,2020
409,32,JAWA BARAT,DINAS LINGKUNGAN HIDUP,LAKI-LAKI,47,ORANG,2020
410,32,JAWA BARAT,DINAS LINGKUNGAN HIDUP,PEREMPUAN,36,ORANG,2020
411,32,JAWA BARAT,DINAS PARIWISATA DAN KEBUDAYAAN,LAKI-LAKI,105,ORANG,2020
412,32,JAWA BARAT,DINAS PARIWISATA DAN KEBUDAYAAN,PEREMPUAN,50,ORANG,2020
413,32,JAWA BARAT,DINAS PEMBERDAYAAN MASYARAKAT DAN DESA,LAKI-LAKI,38,ORANG,2020
414,32,JAWA BARAT,DINAS PEMBERDAYAAN MASYARAKAT DAN DESA,PEREMPUAN,23,ORANG,2020
415,32,JAWA BARAT,"DINAS PEMBERDAYAAN PEREMPUAN, PERLINDUNGAN ANAK DAN KELUARGA BERENCANA",LAKI-LAKI,29,ORANG,2020
416,32,JAWA BARAT,"DINAS PEMBERDAYAAN PEREMPUAN, PERLINDUNGAN ANAK DAN KELUARGA BERENCANA",PEREMPUAN,38,ORANG,2020
417,32,JAWA BARAT,DINAS PEMUDA DAN OLAHRAGA,LAKI-LAKI,92,ORANG,2020
418,32,JAWA BARAT,DINAS PEMUDA DAN OLAHRAGA,PEREMPUAN,25,ORANG,2020
419,32,JAWA BARAT,DINAS PENANAMAN MODAL DAN PELAYANAN TERPADU SATU PINTU,LAKI-LAKI,65,ORANG,2020
420,32,JAWA BARAT,DINAS PENANAMAN MODAL DAN PELAYANAN TERPADU SATU PINTU,PEREMPUAN,45,ORANG,2020
421,32,JAWA BARAT,DINAS PENDIDIKAN,LAKI-LAKI,11966,ORANG,2020
422,32,JAWA BARAT,DINAS PENDIDIKAN,PEREMPUAN,13052,ORANG,2020
423,32,JAWA BARAT,DINAS PERHUBUNGAN,LAKI-LAKI,228,ORANG,2020
424,32,JAWA BARAT,DINAS PERHUBUNGAN,PEREMPUAN,48,ORANG,2020
425,32,JAWA BARAT,DINAS PERINDUSTRIAN DAN PERDAGANGAN,LAKI-LAKI,154,ORANG,2020
426,32,JAWA BARAT,DINAS PERINDUSTRIAN DAN PERDAGANGAN,PEREMPUAN,68,ORANG,2020
427,32,JAWA BARAT,DINAS PERKEBUNAN,LAKI-LAKI,81,ORANG,2020
428,32,JAWA BARAT,DINAS PERKEBUNAN,PEREMPUAN,23,ORANG,2020
429,32,JAWA BARAT,DINAS PERPUSTAKAAN DAN KEARSIPAN DAERAH,LAKI-LAKI,62,ORANG,2020
430,32,JAWA BARAT,DINAS PERPUSTAKAAN DAN KEARSIPAN DAERAH,PEREMPUAN,72,ORANG,2020
431,32,JAWA BARAT,DINAS PERUMAHAN DAN PERMUKIMAN,LAKI-LAKI,107,ORANG,2020
432,32,JAWA BARAT,DINAS PERUMAHAN DAN PERMUKIMAN,PEREMPUAN,41,ORANG,2020
433,32,JAWA BARAT,DINAS SOSIAL,LAKI-LAKI,170,ORANG,2020
434,32,JAWA BARAT,DINAS SOSIAL,PEREMPUAN,117,ORANG,2020
435,32,JAWA BARAT,DINAS SUMBER DAYA AIR,LAKI-LAKI,237,ORANG,2020
436,32,JAWA BARAT,DINAS SUMBER DAYA AIR,PEREMPUAN,50,ORANG,2020
437,32,JAWA BARAT,DINAS TANAMAN PANGAN DAN HORTIKULTURA,LAKI-LAKI,420,ORANG,2020
438,32,JAWA BARAT,DINAS TANAMAN PANGAN DAN HORTIKULTURA,PEREMPUAN,111,ORANG,2020
439,32,JAWA BARAT,DINAS TENAGA KERJA DAN TRANSMIGRASI,LAKI-LAKI,235,ORANG,2020
440,32,JAWA BARAT,DINAS TENAGA KERJA DAN TRANSMIGRASI,PEREMPUAN,106,ORANG,2020
441,32,JAWA BARAT,INSPEKTORAT DAERAH,LAKI-LAKI,94,ORANG,2020
442,32,JAWA BARAT,INSPEKTORAT DAERAH,PEREMPUAN,36,ORANG,2020
443,32,JAWA BARAT,SATUAN POLISI PAMONG PRAJA,LAKI-LAKI,102,ORANG,2020
444,32,JAWA BARAT,SATUAN POLISI PAMONG PRAJA,PEREMPUAN,5,ORANG,2020
445,32,JAWA BARAT,SEKRETARIAT DAERAH,LAKI-LAKI,485,ORANG,2020
446,32,JAWA BARAT,SEKRETARIAT DAERAH,PEREMPUAN,205,ORANG,2020
447,32,JAWA BARAT,SEKRETARIAT DPRD,LAKI-LAKI,98,ORANG,2020
448,32,JAWA BARAT,SEKRETARIAT DPRD,PEREMPUAN,28,ORANG,2020
449,32,JAWA BARAT,BADAN KEPEGAWAIAN DAERAH,LAKI-LAKI,77,ORANG,2021
450,32,JAWA BARAT,BADAN KEPEGAWAIAN DAERAH,PEREMPUAN,44,ORANG,2021
451,32,JAWA BARAT,BADAN KESATUAN BANGSA DAN POLITIK,LAKI-LAKI,44,ORANG,2021
452,32,JAWA BARAT,BADAN KESATUAN BANGSA DAN POLITIK,PEREMPUAN,19,ORANG,2021
453,32,JAWA BARAT,BADAN PENANGGULANGAN BENCANA DAERAH,LAKI-LAKI,51,ORANG,2021
454,32,JAWA BARAT,BADAN PENANGGULANGAN BENCANA DAERAH,PEREMPUAN,5,ORANG,2021
455,32,JAWA BARAT,BADAN PENDAPATAN DAERAH,LAKI-LAKI,522,ORANG,2021
456,32,JAWA BARAT,BADAN PENDAPATAN DAERAH,PEREMPUAN,162,ORANG,2021
457,32,JAWA BARAT,BADAN PENELITIAN DAN PENGEMBANGAN DAERAH,LAKI-LAKI,27,ORANG,2021
458,32,JAWA BARAT,BADAN PENELITIAN DAN PENGEMBANGAN DAERAH,PEREMPUAN,19,ORANG,2021
459,32,JAWA BARAT,BADAN PENGELOLAAN KEUANGAN DAN ASET DAERAH,LAKI-LAKI,104,ORANG,2021
460,32,JAWA BARAT,BADAN PENGELOLAAN KEUANGAN DAN ASET DAERAH,PEREMPUAN,33,ORANG,2021
461,32,JAWA BARAT,BADAN PENGEMBANGAN SUMBER DAYA MANUSIA,LAKI-LAKI,94,ORANG,2021
462,32,JAWA BARAT,BADAN PENGEMBANGAN SUMBER DAYA MANUSIA,PEREMPUAN,32,ORANG,2021
463,32,JAWA BARAT,BADAN PENGHUBUNG,LAKI-LAKI,20,ORANG,2021
464,32,JAWA BARAT,BADAN PENGHUBUNG,PEREMPUAN,11,ORANG,2021
465,32,JAWA BARAT,BADAN PERENCANAAN PEMBANGUNAN DAERAH,LAKI-LAKI,74,ORANG,2021
466,32,JAWA BARAT,BADAN PERENCANAAN PEMBANGUNAN DAERAH,PEREMPUAN,40,ORANG,2021
467,32,JAWA BARAT,DINAS BINA MARGA DAN PENATAAN RUANG,LAKI-LAKI,498,ORANG,2021
468,32,JAWA BARAT,DINAS BINA MARGA DAN PENATAAN RUANG,PEREMPUAN,96,ORANG,2021
469,32,JAWA BARAT,DINAS ENERGI DAN SUMBER DAYA MINERAL,LAKI-LAKI,190,ORANG,2021
470,32,JAWA BARAT,DINAS ENERGI DAN SUMBER DAYA MINERAL,PEREMPUAN,41,ORANG,2021
471,32,JAWA BARAT,DINAS KEHUTANAN,LAKI-LAKI,515,ORANG,2021
472,32,JAWA BARAT,DINAS KEHUTANAN,PEREMPUAN,104,ORANG,2021
473,32,JAWA BARAT,DINAS KELAUTAN DAN PERIKANAN,LAKI-LAKI,153,ORANG,2021
474,32,JAWA BARAT,DINAS KELAUTAN DAN PERIKANAN,PEREMPUAN,52,ORANG,2021
475,32,JAWA BARAT,DINAS KEPENDUDUKAN DAN PENCATATAN SIPIL,LAKI-LAKI,24,ORANG,2021
476,32,JAWA BARAT,DINAS KEPENDUDUKAN DAN PENCATATAN SIPIL,PEREMPUAN,12,ORANG,2021
477,32,JAWA BARAT,DINAS KESEHATAN,LAKI-LAKI,505,ORANG,2021
478,32,JAWA BARAT,DINAS KESEHATAN,PEREMPUAN,647,ORANG,2021
479,32,JAWA BARAT,DINAS KETAHANAN PANGAN DAN PETERNAKAN,LAKI-LAKI,172,ORANG,2021
480,32,JAWA BARAT,DINAS KETAHANAN PANGAN DAN PETERNAKAN,PEREMPUAN,80,ORANG,2021
481,32,JAWA BARAT,DINAS KOMUNIKASI DAN INFORMATIKA,LAKI-LAKI,50,ORANG,2021
482,32,JAWA BARAT,DINAS KOMUNIKASI DAN INFORMATIKA,PEREMPUAN,25,ORANG,2021
483,32,JAWA BARAT,DINAS KOPERASI DAN USAHA KECIL,LAKI-LAKI,42,ORANG,2021
484,32,JAWA BARAT,DINAS KOPERASI DAN USAHA KECIL,PEREMPUAN,35,ORANG,2021
485,32,JAWA BARAT,DINAS LINGKUNGAN HIDUP,LAKI-LAKI,45,ORANG,2021
486,32,JAWA BARAT,DINAS LINGKUNGAN HIDUP,PEREMPUAN,32,ORANG,2021
487,32,JAWA BARAT,DINAS PARIWISATA DAN KEBUDAYAAN,LAKI-LAKI,99,ORANG,2021
488,32,JAWA BARAT,DINAS PARIWISATA DAN KEBUDAYAAN,PEREMPUAN,51,ORANG,2021
489,32,JAWA BARAT,DINAS PEMBERDAYAAN MASYARAKAT DAN DESA,LAKI-LAKI,48,ORANG,2021
490,32,JAWA BARAT,DINAS PEMBERDAYAAN MASYARAKAT DAN DESA,PEREMPUAN,24,ORANG,2021
491,32,JAWA BARAT,"DINAS PEMBERDAYAAN PEREMPUAN, PERLINDUNGAN ANAK DAN KELUARGA BERENCANA",LAKI-LAKI,28,ORANG,2021
492,32,JAWA BARAT,"DINAS PEMBERDAYAAN PEREMPUAN, PERLINDUNGAN ANAK DAN KELUARGA BERENCANA",PEREMPUAN,36,ORANG,2021
493,32,JAWA BARAT,DINAS PEMUDA DAN OLAHRAGA,LAKI-LAKI,92,ORANG,2021
494,32,JAWA BARAT,DINAS PEMUDA DAN OLAHRAGA,PEREMPUAN,22,ORANG,2021
495,32,JAWA BARAT,DINAS PENANAMAN MODAL DAN PELAYANAN TERPADU SATU PINTU,LAKI-LAKI,60,ORANG,2021
496,32,JAWA BARAT,DINAS PENANAMAN MODAL DAN PELAYANAN TERPADU SATU PINTU,PEREMPUAN,43,ORANG,2021
497,32,JAWA BARAT,DINAS PENDIDIKAN,LAKI-LAKI,11138,ORANG,2021
498,32,JAWA BARAT,DINAS PENDIDIKAN,PEREMPUAN,12463,ORANG,2021
499,32,JAWA BARAT,DINAS PERHUBUNGAN,LAKI-LAKI,209,ORANG,2021
500,32,JAWA BARAT,DINAS PERHUBUNGAN,PEREMPUAN,45,ORANG,2021
501,32,JAWA BARAT,DINAS PERINDUSTRIAN DAN PERDAGANGAN,LAKI-LAKI,133,ORANG,2021
502,32,JAWA BARAT,DINAS PERINDUSTRIAN DAN PERDAGANGAN,PEREMPUAN,63,ORANG,2021
503,32,JAWA BARAT,DINAS PERKEBUNAN,LAKI-LAKI,74,ORANG,2021
504,32,JAWA BARAT,DINAS PERKEBUNAN,PEREMPUAN,24,ORANG,2021
505,32,JAWA BARAT,DINAS PERPUSTAKAAN DAN KEARSIPAN DAERAH,LAKI-LAKI,69,ORANG,2021
506,32,JAWA BARAT,DINAS PERPUSTAKAAN DAN KEARSIPAN DAERAH,PEREMPUAN,67,ORANG,2021
507,32,JAWA BARAT,DINAS PERUMAHAN DAN PERMUKIMAN,LAKI-LAKI,105,ORANG,2021
508,32,JAWA BARAT,DINAS PERUMAHAN DAN PERMUKIMAN,PEREMPUAN,39,ORANG,2021
509,32,JAWA BARAT,DINAS SOSIAL,LAKI-LAKI,185,ORANG,2021
510,32,JAWA BARAT,DINAS SOSIAL,PEREMPUAN,124,ORANG,2021
511,32,JAWA BARAT,DINAS SUMBER DAYA AIR,LAKI-LAKI,228,ORANG,2021
512,32,JAWA BARAT,DINAS SUMBER DAYA AIR,PEREMPUAN,49,ORANG,2021
513,32,JAWA BARAT,DINAS TANAMAN PANGAN DAN HORTIKULTURA,LAKI-LAKI,372,ORANG,2021
514,32,JAWA BARAT,DINAS TANAMAN PANGAN DAN HORTIKULTURA,PEREMPUAN,99,ORANG,2021
515,32,JAWA BARAT,DINAS TENAGA KERJA DAN TRANSMIGRASI,LAKI-LAKI,216,ORANG,2021
516,32,JAWA BARAT,DINAS TENAGA KERJA DAN TRANSMIGRASI,PEREMPUAN,99,ORANG,2021
517,32,JAWA BARAT,INSPEKTORAT DAERAH,LAKI-LAKI,94,ORANG,2021
518,32,JAWA BARAT,INSPEKTORAT DAERAH,PEREMPUAN,39,ORANG,2021
519,32,JAWA BARAT,SATUAN POLISI PAMONG PRAJA,LAKI-LAKI,98,ORANG,2021
520,32,JAWA BARAT,SATUAN POLISI PAMONG PRAJA,PEREMPUAN,4,ORANG,2021
521,32,JAWA BARAT,SEKRETARIAT DAERAH,LAKI-LAKI,463,ORANG,2021
522,32,JAWA BARAT,SEKRETARIAT DAERAH,PEREMPUAN,193,ORANG,2021
523,32,JAWA BARAT,SEKRETARIAT DPRD,LAKI-LAKI,93,ORANG,2021
524,32,JAWA BARAT,SEKRETARIAT DPRD,PEREMPUAN,29,ORANG,2021
525,32,JAWA BARAT,BADAN KEPEGAWAIAN DAERAH,LAKI-LAKI,76,ORANG,2022
526,32,JAWA BARAT,BADAN KEPEGAWAIAN DAERAH,PEREMPUAN,48,ORANG,2022
527,32,JAWA BARAT,BADAN KESATUAN BANGSA DAN POLITIK,LAKI-LAKI,48,ORANG,2022
528,32,JAWA BARAT,BADAN KESATUAN BANGSA DAN POLITIK,PEREMPUAN,19,ORANG,2022
529,32,JAWA BARAT,BADAN PENANGGULANGAN BENCANA DAERAH,LAKI-LAKI,51,ORANG,2022
530,32,JAWA BARAT,BADAN PENANGGULANGAN BENCANA DAERAH,PEREMPUAN,9,ORANG,2022
531,32,JAWA BARAT,BADAN PENDAPATAN DAERAH,LAKI-LAKI,469,ORANG,2022
532,32,JAWA BARAT,BADAN PENDAPATAN DAERAH,PEREMPUAN,157,ORANG,2022
533,32,JAWA BARAT,BADAN PENELITIAN DAN PENGEMBANGAN DAERAH,LAKI-LAKI,27,ORANG,2022
534,32,JAWA BARAT,BADAN PENELITIAN DAN PENGEMBANGAN DAERAH,PEREMPUAN,25,ORANG,2022
535,32,JAWA BARAT,BADAN PENGELOLAAN KEUANGAN DAN ASET DAERAH,LAKI-LAKI,117,ORANG,2022
536,32,JAWA BARAT,BADAN PENGELOLAAN KEUANGAN DAN ASET DAERAH,PEREMPUAN,51,ORANG,2022
537,32,JAWA BARAT,BADAN PENGEMBANGAN SUMBER DAYA MANUSIA,LAKI-LAKI,82,ORANG,2022
538,32,JAWA BARAT,BADAN PENGEMBANGAN SUMBER DAYA MANUSIA,PEREMPUAN,36,ORANG,2022
539,32,JAWA BARAT,BADAN PENGHUBUNG,LAKI-LAKI,21,ORANG,2022
540,32,JAWA BARAT,BADAN PENGHUBUNG,PEREMPUAN,11,ORANG,2022
541,32,JAWA BARAT,BADAN PERENCANAAN PEMBANGUNAN DAERAH,LAKI-LAKI,82,ORANG,2022
542,32,JAWA BARAT,BADAN PERENCANAAN PEMBANGUNAN DAERAH,PEREMPUAN,58,ORANG,2022
543,32,JAWA BARAT,DINAS BINA MARGA DAN PENATAAN RUANG,LAKI-LAKI,433,ORANG,2022
544,32,JAWA BARAT,DINAS BINA MARGA DAN PENATAAN RUANG,PEREMPUAN,74,ORANG,2022
545,32,JAWA BARAT,DINAS ENERGI DAN SUMBER DAYA MINERAL,LAKI-LAKI,229,ORANG,2022
546,32,JAWA BARAT,DINAS ENERGI DAN SUMBER DAYA MINERAL,PEREMPUAN,49,ORANG,2022
547,32,JAWA BARAT,DINAS KEHUTANAN,LAKI-LAKI,525,ORANG,2022
548,32,JAWA BARAT,DINAS KEHUTANAN,PEREMPUAN,129,ORANG,2022
549,32,JAWA BARAT,DINAS KELAUTAN DAN PERIKANAN,LAKI-LAKI,163,ORANG,2022
550,32,JAWA BARAT,DINAS KELAUTAN DAN PERIKANAN,PEREMPUAN,47,ORANG,2022
551,32,JAWA BARAT,DINAS KEPENDUDUKAN DAN PENCATATAN SIPIL,LAKI-LAKI,18,ORANG,2022
552,32,JAWA BARAT,DINAS KEPENDUDUKAN DAN PENCATATAN SIPIL,PEREMPUAN,14,ORANG,2022
553,32,JAWA BARAT,DINAS KESEHATAN,LAKI-LAKI,558,ORANG,2022
554,32,JAWA BARAT,DINAS KESEHATAN,PEREMPUAN,730,ORANG,2022
555,32,JAWA BARAT,DINAS KETAHANAN PANGAN DAN PETERNAKAN,LAKI-LAKI,191,ORANG,2022
556,32,JAWA BARAT,DINAS KETAHANAN PANGAN DAN PETERNAKAN,PEREMPUAN,111,ORANG,2022
557,32,JAWA BARAT,DINAS KOMUNIKASI DAN INFORMATIKA,LAKI-LAKI,85,ORANG,2022
558,32,JAWA BARAT,DINAS KOMUNIKASI DAN INFORMATIKA,PEREMPUAN,52,ORANG,2022
559,32,JAWA BARAT,DINAS KOPERASI DAN USAHA KECIL,LAKI-LAKI,48,ORANG,2022
560,32,JAWA BARAT,DINAS KOPERASI DAN USAHA KECIL,PEREMPUAN,40,ORANG,2022
561,32,JAWA BARAT,DINAS LINGKUNGAN HIDUP,LAKI-LAKI,62,ORANG,2022
562,32,JAWA BARAT,DINAS LINGKUNGAN HIDUP,PEREMPUAN,91,ORANG,2022
563,32,JAWA BARAT,DINAS PARIWISATA DAN KEBUDAYAAN,LAKI-LAKI,101,ORANG,2022
564,32,JAWA BARAT,DINAS PARIWISATA DAN KEBUDAYAAN,PEREMPUAN,57,ORANG,2022
565,32,JAWA BARAT,DINAS PEMBERDAYAAN MASYARAKAT DAN DESA,LAKI-LAKI,61,ORANG,2022
566,32,JAWA BARAT,DINAS PEMBERDAYAAN MASYARAKAT DAN DESA,PEREMPUAN,32,ORANG,2022
567,32,JAWA BARAT,"DINAS PEMBERDAYAAN PEREMPUAN, PERLINDUNGAN ANAK DAN KELUARGA BERENCANA",LAKI-LAKI,25,ORANG,2022
568,32,JAWA BARAT,"DINAS PEMBERDAYAAN PEREMPUAN, PERLINDUNGAN ANAK DAN KELUARGA BERENCANA",PEREMPUAN,45,ORANG,2022
569,32,JAWA BARAT,DINAS PEMUDA DAN OLAHRAGA,LAKI-LAKI,85,ORANG,2022
570,32,JAWA BARAT,DINAS PEMUDA DAN OLAHRAGA,PEREMPUAN,21,ORANG,2022
571,32,JAWA BARAT,DINAS PENANAMAN MODAL DAN PELAYANAN TERPADU SATU PINTU,LAKI-LAKI,70,ORANG,2022
572,32,JAWA BARAT,DINAS PENANAMAN MODAL DAN PELAYANAN TERPADU SATU PINTU,PEREMPUAN,51,ORANG,2022
573,32,JAWA BARAT,DINAS PENDIDIKAN,LAKI-LAKI,10654,ORANG,2022
574,32,JAWA BARAT,DINAS PENDIDIKAN,PEREMPUAN,12244,ORANG,2022
575,32,JAWA BARAT,DINAS PERHUBUNGAN,LAKI-LAKI,212,ORANG,2022
576,32,JAWA BARAT,DINAS PERHUBUNGAN,PEREMPUAN,43,ORANG,2022
577,32,JAWA BARAT,DINAS PERINDUSTRIAN DAN PERDAGANGAN,LAKI-LAKI,160,ORANG,2022
578,32,JAWA BARAT,DINAS PERINDUSTRIAN DAN PERDAGANGAN,PEREMPUAN,83,ORANG,2022
579,32,JAWA BARAT,DINAS PERKEBUNAN,LAKI-LAKI,96,ORANG,2022
580,32,JAWA BARAT,DINAS PERKEBUNAN,PEREMPUAN,55,ORANG,2022
581,32,JAWA BARAT,DINAS PERPUSTAKAAN DAN KEARSIPAN DAERAH,LAKI-LAKI,64,ORANG,2022
582,32,JAWA BARAT,DINAS PERPUSTAKAAN DAN KEARSIPAN DAERAH,PEREMPUAN,69,ORANG,2022
583,32,JAWA BARAT,DINAS PERUMAHAN DAN PERMUKIMAN,LAKI-LAKI,102,ORANG,2022
584,32,JAWA BARAT,DINAS PERUMAHAN DAN PERMUKIMAN,PEREMPUAN,41,ORANG,2022
585,32,JAWA BARAT,DINAS SOSIAL,LAKI-LAKI,196,ORANG,2022
586,32,JAWA BARAT,DINAS SOSIAL,PEREMPUAN,136,ORANG,2022
587,32,JAWA BARAT,DINAS SUMBER DAYA AIR,LAKI-LAKI,237,ORANG,2022
588,32,JAWA BARAT,DINAS SUMBER DAYA AIR,PEREMPUAN,57,ORANG,2022
589,32,JAWA BARAT,DINAS TANAMAN PANGAN DAN HORTIKULTURA,LAKI-LAKI,320,ORANG,2022
590,32,JAWA BARAT,DINAS TANAMAN PANGAN DAN HORTIKULTURA,PEREMPUAN,123,ORANG,2022
591,32,JAWA BARAT,DINAS TENAGA KERJA DAN TRANSMIGRASI,LAKI-LAKI,215,ORANG,2022
592,32,JAWA BARAT,DINAS TENAGA KERJA DAN TRANSMIGRASI,PEREMPUAN,98,ORANG,2022
593,32,JAWA BARAT,INSPEKTORAT DAERAH,LAKI-LAKI,82,ORANG,2022
594,32,JAWA BARAT,INSPEKTORAT DAERAH,PEREMPUAN,42,ORANG,2022
595,32,JAWA BARAT,SATUAN POLISI PAMONG PRAJA,LAKI-LAKI,91,ORANG,2022
596,32,JAWA BARAT,SATUAN POLISI PAMONG PRAJA,PEREMPUAN,5,ORANG,2022
597,32,JAWA BARAT,SEKRETARIAT DAERAH,LAKI-LAKI,482,ORANG,2022
598,32,JAWA BARAT,SEKRETARIAT DAERAH,PEREMPUAN,222,ORANG,2022
599,32,JAWA BARAT,SEKRETARIAT DPRD,LAKI-LAKI,82,ORANG,2022
600,32,JAWA BARAT,SEKRETARIAT DPRD,PEREMPUAN,31,ORANG,2022
601,32,JAWA BARAT,BADAN KEPEGAWAIAN DAERAH,LAKI-LAKI,78,ORANG,2023
602,32,JAWA BARAT,BADAN KEPEGAWAIAN DAERAH,PEREMPUAN,56,ORANG,2023
603,32,JAWA BARAT,BADAN KESATUAN BANGSA DAN POLITIK,LAKI-LAKI,48,ORANG,2023
604,32,JAWA BARAT,BADAN KESATUAN BANGSA DAN POLITIK,PEREMPUAN,22,ORANG,2023
605,32,JAWA BARAT,BADAN PENANGGULANGAN BENCANA DAERAH,LAKI-LAKI,46,ORANG,2023
606,32,JAWA BARAT,BADAN PENANGGULANGAN BENCANA DAERAH,PEREMPUAN,10,ORANG,2023
607,32,JAWA BARAT,BADAN PENDAPATAN DAERAH,LAKI-LAKI,449,ORANG,2023
608,32,JAWA BARAT,BADAN PENDAPATAN DAERAH,PEREMPUAN,159,ORANG,2023
609,32,JAWA BARAT,BADAN PENELITIAN DAN PENGEMBANGAN DAERAH,LAKI-LAKI,27,ORANG,2023
610,32,JAWA BARAT,BADAN PENELITIAN DAN PENGEMBANGAN DAERAH,PEREMPUAN,28,ORANG,2023
611,32,JAWA BARAT,BADAN PENGELOLAAN KEUANGAN DAN ASET DAERAH,LAKI-LAKI,111,ORANG,2023
612,32,JAWA BARAT,BADAN PENGELOLAAN KEUANGAN DAN ASET DAERAH,PEREMPUAN,51,ORANG,2023
613,32,JAWA BARAT,BADAN PENGEMBANGAN SUMBER DAYA MANUSIA,LAKI-LAKI,74,ORANG,2023
614,32,JAWA BARAT,BADAN PENGEMBANGAN SUMBER DAYA MANUSIA,PEREMPUAN,32,ORANG,2023
615,32,JAWA BARAT,BADAN PENGHUBUNG,LAKI-LAKI,18,ORANG,2023
616,32,JAWA BARAT,BADAN PENGHUBUNG,PEREMPUAN,14,ORANG,2023
617,32,JAWA BARAT,BADAN PERENCANAAN PEMBANGUNAN DAERAH,LAKI-LAKI,77,ORANG,2023
618,32,JAWA BARAT,BADAN PERENCANAAN PEMBANGUNAN DAERAH,PEREMPUAN,57,ORANG,2023
619,32,JAWA BARAT,DINAS BINA MARGA DAN PENATAAN RUANG,LAKI-LAKI,412,ORANG,2023
620,32,JAWA BARAT,DINAS BINA MARGA DAN PENATAAN RUANG,PEREMPUAN,74,ORANG,2023
621,32,JAWA BARAT,DINAS ENERGI DAN SUMBER DAYA MINERAL,LAKI-LAKI,218,ORANG,2023
622,32,JAWA BARAT,DINAS ENERGI DAN SUMBER DAYA MINERAL,PEREMPUAN,48,ORANG,2023
623,32,JAWA BARAT,DINAS KEHUTANAN,LAKI-LAKI,507,ORANG,2023
624,32,JAWA BARAT,DINAS KEHUTANAN,PEREMPUAN,133,ORANG,2023
625,32,JAWA BARAT,DINAS KELAUTAN DAN PERIKANAN,LAKI-LAKI,170,ORANG,2023
626,32,JAWA BARAT,DINAS KELAUTAN DAN PERIKANAN,PEREMPUAN,48,ORANG,2023
627,32,JAWA BARAT,DINAS KEPENDUDUKAN DAN PENCATATAN SIPIL,LAKI-LAKI,22,ORANG,2023
628,32,JAWA BARAT,DINAS KEPENDUDUKAN DAN PENCATATAN SIPIL,PEREMPUAN,15,ORANG,2023
629,32,JAWA BARAT,DINAS KESEHATAN,LAKI-LAKI,586,ORANG,2023
630,32,JAWA BARAT,DINAS KESEHATAN,PEREMPUAN,805,ORANG,2023
631,32,JAWA BARAT,DINAS KETAHANAN PANGAN DAN PETERNAKAN,LAKI-LAKI,187,ORANG,2023
632,32,JAWA BARAT,DINAS KETAHANAN PANGAN DAN PETERNAKAN,PEREMPUAN,113,ORANG,2023
633,32,JAWA BARAT,DINAS KOMUNIKASI DAN INFORMATIKA,LAKI-LAKI,81,ORANG,2023
634,32,JAWA BARAT,DINAS KOMUNIKASI DAN INFORMATIKA,PEREMPUAN,51,ORANG,2023
635,32,JAWA BARAT,DINAS KOPERASI DAN USAHA KECIL,LAKI-LAKI,46,ORANG,2023
636,32,JAWA BARAT,DINAS KOPERASI DAN USAHA KECIL,PEREMPUAN,39,ORANG,2023
637,32,JAWA BARAT,DINAS LINGKUNGAN HIDUP,LAKI-LAKI,59,ORANG,2023
638,32,JAWA BARAT,DINAS LINGKUNGAN HIDUP,PEREMPUAN,90,ORANG,2023
639,32,JAWA BARAT,DINAS PARIWISATA DAN KEBUDAYAAN,LAKI-LAKI,93,ORANG,2023
640,32,JAWA BARAT,DINAS PARIWISATA DAN KEBUDAYAAN,PEREMPUAN,56,ORANG,2023
641,32,JAWA BARAT,DINAS PEMBERDAYAAN MASYARAKAT DAN DESA,LAKI-LAKI,61,ORANG,2023
642,32,JAWA BARAT,DINAS PEMBERDAYAAN MASYARAKAT DAN DESA,PEREMPUAN,34,ORANG,2023
643,32,JAWA BARAT,"DINAS PEMBERDAYAAN PEREMPUAN, PERLINDUNGAN ANAK DAN KELUARGA BERENCANA",LAKI-LAKI,25,ORANG,2023
644,32,JAWA BARAT,"DINAS PEMBERDAYAAN PEREMPUAN, PERLINDUNGAN ANAK DAN KELUARGA BERENCANA",PEREMPUAN,45,ORANG,2023
645,32,JAWA BARAT,DINAS PEMUDA DAN OLAHRAGA,LAKI-LAKI,83,ORANG,2023
646,32,JAWA BARAT,DINAS PEMUDA DAN OLAHRAGA,PEREMPUAN,23,ORANG,2023
647,32,JAWA BARAT,DINAS PENANAMAN MODAL DAN PELAYANAN TERPADU SATU PINTU,LAKI-LAKI,71,ORANG,2023
648,32,JAWA BARAT,DINAS PENANAMAN MODAL DAN PELAYANAN TERPADU SATU PINTU,PEREMPUAN,51,ORANG,2023
649,32,JAWA BARAT,DINAS PENDIDIKAN,LAKI-LAKI,9711,ORANG,2023
650,32,JAWA BARAT,DINAS PENDIDIKAN,PEREMPUAN,11475,ORANG,2023
651,32,JAWA BARAT,DINAS PERHUBUNGAN,LAKI-LAKI,214,ORANG,2023
652,32,JAWA BARAT,DINAS PERHUBUNGAN,PEREMPUAN,47,ORANG,2023
653,32,JAWA BARAT,DINAS PERINDUSTRIAN DAN PERDAGANGAN,LAKI-LAKI,178,ORANG,2023
654,32,JAWA BARAT,DINAS PERINDUSTRIAN DAN PERDAGANGAN,PEREMPUAN,94,ORANG,2023
655,32,JAWA BARAT,DINAS PERKEBUNAN,LAKI-LAKI,102,ORANG,2023
656,32,JAWA BARAT,DINAS PERKEBUNAN,PEREMPUAN,66,ORANG,2023
657,32,JAWA BARAT,DINAS PERPUSTAKAAN DAN KEARSIPAN DAERAH,LAKI-LAKI,60,ORANG,2023
658,32,JAWA BARAT,DINAS PERPUSTAKAAN DAN KEARSIPAN DAERAH,PEREMPUAN,68,ORANG,2023
659,32,JAWA BARAT,DINAS PERUMAHAN DAN PERMUKIMAN,LAKI-LAKI,105,ORANG,2023
660,32,JAWA BARAT,DINAS PERUMAHAN DAN PERMUKIMAN,PEREMPUAN,39,ORANG,2023
661,32,JAWA BARAT,DINAS SOSIAL,LAKI-LAKI,184,ORANG,2023
662,32,JAWA BARAT,DINAS SOSIAL,PEREMPUAN,136,ORANG,2023
663,32,JAWA BARAT,DINAS SUMBER DAYA AIR,LAKI-LAKI,225,ORANG,2023
664,32,JAWA BARAT,DINAS SUMBER DAYA AIR,PEREMPUAN,58,ORANG,2023
665,32,JAWA BARAT,DINAS TANAMAN PANGAN DAN HORTIKULTURA,LAKI-LAKI,305,ORANG,2023
666,32,JAWA BARAT,DINAS TANAMAN PANGAN DAN HORTIKULTURA,PEREMPUAN,168,ORANG,2023
667,32,JAWA BARAT,DINAS TENAGA KERJA DAN TRANSMIGRASI,LAKI-LAKI,226,ORANG,2023
668,32,JAWA BARAT,DINAS TENAGA KERJA DAN TRANSMIGRASI,PEREMPUAN,97,ORANG,2023
669,32,JAWA BARAT,INSPEKTORAT DAERAH,LAKI-LAKI,76,ORANG,2023
670,32,JAWA BARAT,INSPEKTORAT DAERAH,PEREMPUAN,48,ORANG,2023
671,32,JAWA BARAT,SATUAN POLISI PAMONG PRAJA,LAKI-LAKI,89,ORANG,2023
672,32,JAWA BARAT,SATUAN POLISI PAMONG PRAJA,PEREMPUAN,6,ORANG,2023
673,32,JAWA BARAT,SEKRETARIAT DAERAH,LAKI-LAKI,469,ORANG,2023
674,32,JAWA BARAT,SEKRETARIAT DAERAH,PEREMPUAN,226,ORANG,2023
675,32,JAWA BARAT,SEKRETARIAT DPRD,LAKI-LAKI,80,ORANG,2023
676,32,JAWA BARAT,SEKRETARIAT DPRD,PEREMPUAN,31,ORANG,2023
